Geo_FIPS,Geo_NAME,Geo_QNAME,Geo_NATION,Geo_STATE,Geo_COUNTY,Geo_CT,Geo_BG,Geo_CITY,Geo_MSAMSA,Geo_ZC,ORG_DENSITY,ORG_TOT_POP,ORG_TOT_HH,ORG_AVGHHSIZE,ORG_TOT_POP0,ORG_POPFAM,ORG_POPNFAM,ORG_FAMILIES,ORG_FAMMAR,ORG_FAMOTH,ORG_FAMOTM,ORG_FAMOTF,ORG_FAMMAR18,ORG_FAMMARNOC,ORG_FAMOTM18,ORG_FAMOTMNOC,ORG_FAMOTF18,ORG_FAMOTFNOC,ORG_HOUSEHOLDS1,ORG_NONFAMHH,ORG_NONFAMHHMC,ORG_NONFAMHHMN,ORG_NONFAMHHFC,ORG_NONFAMHHFN,ORG_TOT_POP1,ORG_URBANPOP,ORG_RURALPOP,ORG_TOT_POP2,ORG_MALEPOP,ORG_FEMALEPOP,ORG_TOT_POP3,ORG_WHPOPA,ORG_BLPOPA,ORG_ASPOPA,ORG_AMPOPA,ORG_ORPOPA,ORG_TMPOP,ORG_TOT_POP4,ORG_HISPPOP,ORG_WHNHISPOP,ORG_HOUSEHOLDS2,ORG_WHHH,ORG_BLHH,ORG_ASHH,ORG_AMHH,ORG_ORHH,ORG_TMHH,ORG_HOUSEHOLDS3,ORG_HISPHH,ORG_WHNHISHH,ORG_MEDAGE,ORG_TOT_POP5,ORG_POP_0_5,ORG_POP_6_11,ORG_POP_12_17,ORG_POP_18_24,ORG_POP_25_34,ORG_POP_35_44,ORG_POP_45_54,ORG_POP_55_64,ORG_POP_65_74,ORG_POP_75_84,ORG_POP_85P,ORG_TOT_POP6,ORG_MALNOMARRY,ORG_MALMARRY,ORG_MALMARRY1,ORG_MALMARTOG,ORG_MALMARSEP,ORG_MALMARABS,ORG_MALWIDOW,ORG_MALDIVORCE,ORG_FEMMARRY,ORG_FEMMARTOG,ORG_FEMMARSEP,ORG_FEMMARABS,ORG_FEMWIDOW,ORG_FEMDIVORCE,ORG_TOT_POP8,ORG_CITNATIV,ORG_CITFORNAT,ORG_CITFORNOT,ORG_TOT_POP9,ORG_GQTOTAL,ORG_GQINST,ORG_GQNINST,ORG_TOT_POP10,ORG_TRANCAR,ORG_TRANCAR1,ORG_TRANCARP,ORG_TRANPUBLIC,ORG_TRANBUS,ORG_TRANTROL,ORG_TRANSUBL,ORG_TRANRR,ORG_TRANFERRY,ORG_TRANTAXI,ORG_TRANMCYCL,ORG_TRANBCYCL,ORG_TRANWALK,ORG_TRANOTHER,ORG_TRAVHOME,ORG_TRAV30_59,ORG_TRAV60_89,ORG_TRAV90P,ORG_MEDAGHHER,ORG_HOUSEHOLDS4,ORG_HHL24YR,ORG_HH25_34YR,ORG_HH35_44YR,ORG_HH45_54YR,ORG_HH55_64YR,ORG_HH65_74YR,ORG_HH75_84YR,ORG_HH85PYR,ORG_MEDHHSIZE,ORG_HOUSEHOLDS5,ORG_HH1,ORG_HH2,ORG_HH3,ORG_HH4,ORG_HH5,ORG_HH6,ORG_HH7P,ORG_HOUSEUNITS,ORG_OCCUNIT,ORG_VACUNIT,ORG_VACUNITRNT,ORG_VACUNITRNO,ORG_VACUNITSAL,ORG_VACUNITSNO,ORG_VACUNITSEA,ORG_VACUNITMIG,ORG_VACUNITOTH,ORG_HOUSEUNITS1,ORG_OOCCHH,ORG_ROCCHH,ORG_HOUSEUNITS2,ORG_S_1D,ORG_S_1A,ORG_S_2,ORG_S_3_4,ORG_S_5_9,ORG_S_10_19,ORG_S_50P,ORG_STRAILER,ORG_SOTHER,ORG_MEDRENT,ORG_HOUSEUNITS3,ORG_RNTL250,ORG_RNT25L50,ORG_RNT50L75,ORG_RNT75L100,ORG_RNT100L125,ORG_RENTNOCASH,ORG_HOUSEUNITS4,ORG_MORTANY,ORG_NOMORT,ORG_MEDVEHICLE,ORG_HOUSEHOLDS6,ORG_VEH_0,ORG_VEH_1,ORG_VEH_2,ORG_VEH_3,ORG_VEH_4P,ORG_MED_BLT,ORG_HOUSEUNITS6,ORG_BLT_10P,ORG_BLT_00_09,ORG_BLT_90_99,ORG_BLT_80_89,ORG_BLT_70_79,ORG_BLT_60_69,ORG_BLT_50_59,ORG_BLT_40_49,ORG_BLT_L39,ORG_MED_MOVIN,ORG_HOUSEUNITS7,ORG_MOV_10P,ORG_MOV_00_09,ORG_MOV_90_99,ORG_MOV_80_89,ORG_MOV_70_79,ORG_MOV_L69,ORG_TOTPERSINC,ORG_TOTHHINC,ORG_MEDHHINC,ORG_AVGHHINC,ORG_PERCAPINC,ORG_HHHINCAVG,ORG_HOUSEHOLDS7,ORG_HH25_35,ORG_HH35_50,ORG_HH50_75,ORG_HH75_100,ORG_HH100_125,ORG_SE_K_12,ORG_SE_K_12PUB,ORG_SE_PREPUB,ORG_SE_KINDPUB,ORG_SE_1_4PUB,ORG_SE_5_8PUB,ORG_SE_9_12PUB,ORG_SE_UNDPUB,ORG_SE_GRADPUB,ORG_SE_K_12PRI,ORG_SE_PREPRI,ORG_SE_KINDPRI,ORG_SE_1_4PRI,ORG_SE_5_8PRI,ORG_SE_9_12PRI,ORG_SE_UNDPRI,ORG_SE_GRADPRI,ORG_SE_NONE,ORG_ED_LHS,ORG_ED_HS,ORG_ED_COL,ORG_ED_ASSC,ORG_ED_BACH,ORG_ED_MAST,ORG_ED_PROF,ORG_ED_DOCT,ORG_EMP_POTL,ORG_EMP_CVMAL,ORG_EMP_CVFEM,ORG_EMP_AFMAL,ORG_EMP_AFFEM,ORG_EMP_UNMAL,ORG_EMP_UNFEM,ORG_EMP_NLFMAL,ORG_EMP_NLFFEM,ORG_EMP_CVTOT,ORG_EMP_AGRIC,ORG_EMP_MINE,ORG_EMP_CONST,ORG_EMP_MANUF,ORG_EMP_WHOLE,ORG_EMP_RETAIL,ORG_EMP_TRANSP,ORG_EMP_UTILS,ORG_EMP_INFO,ORG_EMP_FININS,ORG_EMP_REAL,ORG_EMP_PROFES,ORG_EMP_MANAG,ORG_EMP_ADMIN,ORG_EMP_EDUCAT,ORG_EMP_HEALTH,ORG_EMP_ARTREC,ORG_EMP_ACCOM,ORG_EMP_OTSRV,ORG_EMP_PUBAD,ORG_OCC_MANAGE,ORG_OCC_PROF,ORG_OCC_SALES,ORG_OCC_SERVIC,ORG_OCC_FARM,ORG_OCC_CONST,ORG_OCC_PRODUC,ORG_WHCOLROCC,ORG_BLCOLROCC,ORG_EMP_PRIVCO,ORG_EMP_PRIVSE,ORG_EMP_NPROF,ORG_EMP_GOVLOC,ORG_EMP_GOVST,ORG_EMP_GOVFED,ORG_EMP_SELF,ORG_EMP_UNPAID,ORG_MALMEDAGE,ORG_FEMMEDAGE,ORG_MP_0_5,ORG_MP_6_11,ORG_MP_12_17,ORG_MP_18_24,ORG_MP_25_34,ORG_MP_35_44,ORG_MP_45_54,ORG_MP_55_64,ORG_MP_65_74,ORG_MP_75_84,ORG_MP_85P,ORG_FP_0_5,ORG_FP_6_11,ORG_FP_12_17,ORG_FP_18_24,ORG_FP_25_34,ORG_FP_35_44,ORG_FP_45_54,ORG_FP_55_64,ORG_FP_65_74,ORG_FP_75_84,ORG_FP_85P,ORG_FTOTFAMINC,ORG_FMEDFAMINC,ORG_NFAMMEDINC,ORG_FAVGFAMINC,ORG_NFAMAVGINC,ORG_FPERCAPINC,ORG_NFPERCAPIN,ORG_FHINCAVG,ORG_FMH25_35,ORG_FMH35_50,ORG_FMH50_75,ORG_FMH75_100,ORG_FMH100_125,ORG_NFAMTOTINC,ORG_NFHINCAVG,ORG_NFH25_35,ORG_NFH35_50,ORG_NFH50_75,ORG_NFH75_100,ORG_NFH100_125,ORG_FMHH1,ORG_FMHH2,ORG_FMHH3,ORG_FMHH4,ORG_FMHH5,ORG_FMHH6,ORG_FMHH7P,ORG_MEDFMSIZE,ORG_NFHH1,ORG_NFHH2,ORG_NFHH3,ORG_NFHH4,ORG_NFHH5,ORG_NFHH6,ORG_NFHH7P,ORG_MEDNFSIZE,ORG_FMHL24YR,ORG_FMH25_34YR,ORG_FMH35_44YR,ORG_FMH45_54YR,ORG_FMH55_64YR,ORG_FMH65_74YR,ORG_FMH75PYR,ORG_MEDFMAGE,ORG_NFHL24YR,ORG_NFH25_34YR,ORG_NFH35_44YR,ORG_NFH45_54YR,ORG_NFH55_64YR,ORG_NFH65_74YR,ORG_NFH75PYR,ORG_MEDNFAGE,ORG_WHMEDAGE,ORG_BLMEDAGE,ORG_ASMEDAGE,ORG_AMMEDAGE,ORG_ORMEDAGE,ORG_TMMEDAGE,ORG_HIMEDAGE,ORG_WNMEDAGE,ORG_POV_TOTAL,ORG_VET_TOTAL,ORG_HOUSEHOLDS8,ORG_HF_UTILGAS,ORG_HF_BOTGAS,ORG_HF_ELEC,ORG_HF_FUELOIL,ORG_HF_COAL,ORG_HF_WOOD,ORG_HF_SOLAR,ORG_HF_OTHER,ORG_HF_NONE,ORG_R_TOTSALES,ORG_R_MOTORVEH,ORG_R_FURNHOME,ORG_R_ELECTAPP,ORG_R_BMGARDEN,ORG_R_FOODBEVG,ORG_R_HEALTHPC,ORG_R_GASOLINE,ORG_R_CLOTHING,ORG_R_SPORTGDS,ORG_R_GENMERCH,ORG_R_MISC,ORG_R_NONSTORE,ORG_R_FOODSERV,ORG_POPGROW20,ORG_POPFORE25,ORG_HHGROW20,ORG_HHFORE25,ORG_CULT_INDX,ORG_AMUS_INDX,ORG_REST_INDX,ORG_MEDI_INDX,ORG_RELIG_INDX,ORG_EDU_INDX,ORG_BARGAINS,ORG_EXP_PROD,ORG_LUX_PROD,ORG_MORT_INDX,ORG_MURDERS,ORG_RAPE,ORG_ROBBERY,ORG_ASSAULT,ORG_BURGLARY,ORG_LARCENY,ORG_CARTHEFT,ORG_TOTCRIME,ORG_EARTHQKE,ORG_MAXTEMP,ORG_MINTEMP,ORG_AVETEMP,ORG_HEATDAYS,ORG_COOLDAYS,ORG_PRCNTSUN,ORG_SKYHOURS,ORG_CLEARDAYS,ORG_RAINDAYS,ORG_SNOWDAYS,ORG_ANNULRAIN,ORG_ANNULSNOW,ORG_EASIWETHI,ORG_EASIQLIFE,ORG_EASIDAYPOP,ORG_CPIALL,ORG_APPARELCPI,ORG_EDUCCPI,ORG_FOODCPI,ORG_OTHRGDSCPI,ORG_HOUSINGCPI,ORG_MEDICALCPI,ORG_RECREATCPI,ORG_TRANSPOCPI,ORG_NAIC_T_EMP,ORG_NAICS11EMP,ORG_NAICS21EMP,ORG_NAICS22EMP,ORG_NAICS23EMP,ORG_NAICS31EMP,ORG_NAICS42EMP,ORG_NAICS44EMP,ORG_NAICS48EMP,ORG_NAICS51EMP,ORG_NAICS52EMP,ORG_NAICS53EMP,ORG_NAICS54EMP,ORG_NAICS55EMP,ORG_NAICS56EMP,ORG_NAICS61EMP,ORG_NAICS62EMP,ORG_NAICS71EMP,ORG_NAICS72EMP,ORG_NAICS81EMP,ORG_NAIC_T_EST,ORG_NAICS11EMPLQ,ORG_NAICS21EMPLQ,ORG_NAICS22EMPLQ,ORG_NAICS23EMPLQ,ORG_NAICS31EMPLQ,ORG_NAICS42EMPLQ,ORG_NAICS44EMPLQ,ORG_NAICS48EMPLQ,ORG_NAICS51EMPLQ,ORG_NAICS52EMPLQ,ORG_NAICS53EMPLQ,ORG_NAICS54EMPLQ,ORG_NAICS55EMPLQ,ORG_NAICS56EMPLQ,ORG_NAICS61EMPLQ,ORG_NAICS62EMPLQ,ORG_NAICS71EMPLQ,ORG_NAICS72EMPLQ,ORG_NAICS81EMPLQ,ORG_NAIC_T_ESTLQ,ORG_NAICS11EST,ORG_NAICS21EST,ORG_NAICS22EST,ORG_NAICS23EST,ORG_NAICS31EST,ORG_NAICS42EST,ORG_NAICS44EST,ORG_NAICS48EST,ORG_NAICS51EST,ORG_NAICS52EST,ORG_NAICS53EST,ORG_NAICS54EST,ORG_NAICS55EST,ORG_NAICS56EST,ORG_NAICS61EST,ORG_NAICS62EST,ORG_NAICS71EST,ORG_NAICS72EST,ORG_NAICS81EST,ORG_SOC00_0000,ORG_SOC11_0000,ORG_SOC13_0000,ORG_SOC17_0000,ORG_SOC19_0000,ORG_SOC21_0000,ORG_SOC23_0000,ORG_SOC25_0000,ORG_SOC27_0000,ORG_SOC29_0000,ORG_SOC31_0000,ORG_SOC33_0000,ORG_SOC35_0000,ORG_SOC37_0000,ORG_SOC39_0000,ORG_SOC41_0000,ORG_SOC43_0000,ORG_SOC45_0000,ORG_SOC47_0000,ORG_SOC49_0000,ORG_SOC51_0000,ORG_SOC53_0000,ORG_ANNEXP,ORG_FOOD,ORG_HOUSING,ORG_APPAREL,ORG_TRANSPORT,ORG_HEALTH,ORG_ENTERTAIN,ORG_PERSCARE,ORG_READING,ORG_EDUCATION,ORG_TOBACCO,ORG_CASCONTR,ORG_PERSINS,ORG_FOOD1,ORG_FOODHOME,ORG_FOODAWAY,ORG_CEREALBAKE,ORG_DAIRY,ORG_FRUITVEG,ORG_NONALBEV,ORG_FOODOUT_C,ORG_FOODOUT,ORG_ALCOHBEV,ORG_HOUSING1,ORG_HOUSEOPER,ORG_HOUSEKEEP,ORG_HOUSEFURN,ORG_HOUSETEXTL,ORG_FURNITURE,ORG_FLOORCOVER,ORG_MAJORAPPL,ORG_SMAPPL,ORG_MISCHHEQ,ORG_APPAREL1,ORG_MENBOYS,ORG_BOYS,ORG_MEN16PLS,ORG_WOMENGRL,ORG_GIRLS,ORG_WOMEN16,ORG_CHILDRN,ORG_FOOTWEAR,ORG_OTHRAPP,ORG_TRANSPORT1,ORG_VEHPURCH,ORG_GAS,ORG_OTHRVEH,ORG_PUBTRANS,ORG_HEALTH1,ORG_HEALTHINS,ORG_MED_SERVE,ORG_DRUGS,ORG_MEDSUPP,ORG_ENTERTAIN1,ORG_FEESADM,ORG_TELERAD,ORG_PETSTOYS,ORG_OTHR_ENT,ORG_AB_AV_EDU,ORG_RENTAL,ORG_PRESCHL,ORG_BEL_EDU,ORG_BLUE_EMPL,ORG_BORN_USA,ORG_EXP_HOMESM,ORG_NO_TEENS,ORG_FOR_SALE,ORG_ARMFORCE,ORG_LAR_FAM,ORG_NO_MOVE,ORG_MANY_CARS,ORG_MED_AGE,ORG_MED_INC,ORG_NO_CAR,ORG_NO_LABFOR,ORG_RICH_OLD,ORG_OLD_HOMES,ORG_NEW_HOMES,ORG_RECENT_MOV,ORG_RETIRED,ORG_SERV_EMPL,ORG_SUB_BUS,ORG_TRAILER,ORG_UNATTACH,ORG_UNEMPL,ORG_ASIAN_LANG,ORG_RICH_ASIAN,ORG_RICH_BLK,ORG_RICH_FAM,ORG_RICH_HISP,ORG_VERY_RICH,ORG_RICH_NFAM,ORG_RICH_WHT,ORG_SPAN_LANG,ORG_WORK_HOME,ORG_RICH_YOUNG,ORG_DOMIN_PROF,ORG_POP90,ORG_POP00,ORG_POP10,ORG_POP20,ORG_POP25,ORG_HH90,ORG_HH00,ORG_HH10,ORG_HH20,ORG_HH25,ORG_TOTPOP2010,ORG_POPCHG1020,ORG_TOTPOP2020,ORG_POPCHG2025,ORG_TOTPOP20101,ORG_POPDSCHG1020,ORG_TOTPOP20201,ORG_POPDSCHG2025,ORG_TOTPOP20102,ORG_EMPCHG1020,ORG_TOTPOP20202,ORG_EMPCHG2025,ORG_TOTPOP20103,ORG_HSHINHG1020,ORG_TOTPOP20203,ORG_HSHINC2025,ORG_TOTPOP20104,ORG_HSHCHG1020,ORG_TOTPOP20204,ORG_HSHCHG2025
"53033000100","53033000100","53033000100, King, Washington","00","53","033","000100",,,,,9891.8,7297,3720,1.95,7297,4553,2690,1602,1074,528,179,349,413,661,87,92,209,140,3720,2118,3,1121,1,993,7297,7297,0,7297,3669,3628,7297,3628,1148,1361,88,449,623,7297,917,3324,3720,2086,578,586,44,169,257,3720,311,1967,36.5,7297,453,368,327,864,1492,939,841,1017,612,249,135,7297,1634,1185,1185,937,39,209,111,252,1102,998,46,58,190,645,7297,5514,706,1077,7297,54,4,50,7297,2657,2358,299,993,993,0,0,0,0,0,0,86,45,70,247,1615,181,87,46.1,3720,318,873,604,575,665,405,176,104,2.2,3720,1580,1217,448,264,108,80,23,4017,3720,297,215,7,15,11,13,0,36,4017,987,2733,4017,1112,119,34,219,315,299,1190,45,0,829,4017,375,38,619,1037,275,16,987,709,278,1.6,3720,572,1985,833,295,35,1984,4017,924,399,419,491,613,484,257,134,296,2003,4017,2896,457,181,125,27,34,303819864,302462020,53619,81307,41636,309731,3720,396,457,601,349,240,1089,887,0,79,109,113,121,260,205,202,0,0,57,37,0,95,13,5997,388,965,917,460,1593,573,233,156,6255,2247,1851,0,0,63,52,1026,1016,4098,15,0,405,268,56,381,122,1,103,217,100,500,20,404,462,596,80,175,91,102,639,1238,669,738,14,367,433,2546,800,2628,97,440,429,285,22,197,0,36,37.2,238,177,162,424,783,503,447,511,283,103,38,215,191,165,440,709,436,394,506,329,146,97,184641430,83938,45549,115257,56877,40554,44783,321438,203,211,91,193,100,120465521,298858,193,246,510,156,140,0,768,388,246,102,77,21,3.09,1580,449,60,18,6,3,2,1.67,77,353,344,283,285,162,98,46,241,520,260,292,380,243,182,46.3,45,32.9,34.9,35.7,26.4,24.6,27.1,47.7,1358,169,3720,960,62,2487,124,0,0,0,0,87,260963,0,0,0,0,106426,0,0,125735,5042,0,23760,0,0,16.66,4.43,18.25,4.87,94,92,76,119,70,187,151,116,144,90,161,155,149,168,131,175,170,161,0.2,60,46,52.8,4611,167,43,7,71,150,2,38,7,146,125,6067,262.6,130.8,133.7,265,407.8,302.5,395.9,95.1,217.3,2047,0,0,0,16,35,35,1159,12,0,26,73,378,0,2,5,255,2,0,49,201,0,0,0,0.146890197769421,0.181671642417886,0.351118078150737,4.42641345271458,0.153262231404183,0,0.244013857067531,1.94981313540901,2.58240262520791,0,0.0158012238023308,0.0913731946839358,0.778054814395035,0.0507954877511892,0,0.529410902246682,1.55965304201876,0,0,0,2,6,4,48,4,0,8,33,50,0,1,3,32,1,0,9,1841.06,77.91,63.91,5.87,7.18,9.53,50.82,4.81,34.33,154.56,85.53,5.11,53.21,17.88,18.48,714.29,329.52,0.62,13.47,27.14,54.43,49.36,226244.1,29452.4,76140,7578.3,34708.9,16229,10801,2797.7,350.9,6366.6,1149,6374.4,28078.4,29452.4,16360.5,13078.8,2064.2,1543.4,3340.5,1524.1,198.8,1271.7,2034.3,76140,5569.4,611.2,6887.5,361.7,1798.8,87.1,995.1,148.7,3220.2,7578.3,1769.2,316.1,1450.3,2974.1,449.4,2525.3,309.5,1579.7,965.6,0,0,0,0,0,0,0,0,0,0,0,0,0,0,0,169,177,77,74,132,36,181,180,36,85,67,82,48,70,59,175,61,137,119,190,194,88,148,190,117,152,99,176,190,66,117,57,116,133,102,146,162,112,"Recent Movers",4892,5530,6255,7297,7620,2385,2573,3146,3720,3901,6255,1042,7297,323,8479.3,1412.5,9891.8,437.900000000001,3806,473,4279,174,42982,10637,53619,7325,3146,574,3720,181
"53033000200","53033000200","53033000200, King, Washington","00","53","033","000200",,,,,7082.8,8987,4167,2.14,8987,6271,2641,2225,1684,541,164,377,613,1071,89,75,173,204,4167,1942,6,892,3,1041,8987,8987,0,8987,4367,4620,8987,5165,739,2001,61,286,735,8987,651,4959,4167,2773,285,786,24,88,211,4167,206,2672,39.5,8987,525,439,435,777,1752,1263,1034,1217,801,497,247,8987,1680,1808,1808,1732,39,37,91,210,1777,1620,56,101,378,526,8987,6913,1075,999,8987,75,4,71,8987,3172,2766,406,870,870,0,0,0,0,0,12,159,274,0,229,2077,76,64,49.7,4167,210,895,673,648,769,506,303,163,2.5,4167,1360,1565,580,420,140,57,45,4366,4167,199,103,9,13,4,18,0,52,4366,2166,2001,4366,2000,194,70,162,266,238,678,31,0,937,4366,60,51,190,736,454,297,2166,1475,691,1.9,4167,515,1810,1390,394,58,1976,4366,1036,247,177,511,847,430,595,319,204,2003,4366,2827,681,265,191,157,46,361293388,357303305,73955,85746,40202,244565,4167,310,411,597,598,487,1919,1453,18,9,373,203,235,498,117,466,124,21,15,0,32,139,135,6820,445,1090,984,622,2525,776,176,193,7733,2451,2265,0,0,68,63,1173,1713,4716,29,0,273,260,149,751,80,0,38,189,69,490,0,148,446,985,133,362,208,106,842,1497,916,939,0,191,331,3255,522,2893,114,729,212,379,68,321,0,37.8,41.2,252,217,233,385,916,638,516,578,350,193,89,273,222,202,392,836,625,518,639,451,304,158,236834605,96712,47857,106443,62766,37767,46153,240644,125,54,274,402,246,121891022,295597,185,357,323,196,241,0,1110,499,392,133,54,37,3.01,1360,455,81,28,7,3,8,1.71,48,425,451,407,421,234,239,49.6,162,470,222,241,348,272,227,49.9,44.6,32,39.7,38.8,31.5,20.4,31.4,45,1269,268,4167,851,0,2910,385,0,0,0,0,21,220899,11446,12007,58780,0,0,0,35773,0,0,0,0,0,102893,17.54,4.34,19.09,4.8,94,117,148,93,70,60,138,143,133,138,124,88,95,131,82,139,134,125,0.2,60,46,52.8,4611,167,43,7,71,150,2,38,7,146,126,8135,262.6,130.8,133.7,265,407.8,302.5,395.9,95.1,217.3,3187,0,0,0,130,29,2,276,19,6,136,154,0,28,53,495,143,7,1432,277,233,0,0,0,0.766570256675963,0.0966836138675242,0.0128869730776737,0.677038557255508,0.155863088746023,0.0668538409802062,0.819814941671022,2.64196239508992,0,0.310471706312909,0.268950513263048,5.81018262387312,0.28024755387946,0.114190232818762,3.90023763446612,1.92226097334843,1.16124441807887,0,0,0,23,4,1,17,4,4,16,26,0,6,4,5,8,1,84,30,6801.34,258.45,81.15,3.26,22.73,125.76,1.66,2787.06,42.11,127.44,42.32,91.15,1443.28,194.07,270.99,344.77,475.24,0.05,85.89,140.73,31.44,179.97,279716.1,36457.5,91783.7,9321.3,43037,20526.5,13733.9,3379.6,436.8,7895.2,1285.4,7964.7,36349.8,36457.5,20125,16352.4,2548.5,1912.5,4164.6,1823,257.8,1659.2,2558,91783.7,6971.4,772.7,8672.8,450.8,2228.3,114.3,1271.7,181.7,4082.4,9321.3,2201.7,384,1812.1,3683.7,575.1,3106.1,362.3,1916.2,1155.8,0,0,0,0,0,0,0,0,0,0,0,0,0,0,0,163,116,61,68,49,38,164,176,22,85,57,87,56,97,115,162,92,128,98,185,178,134,153,186,106,119,77,190,140,137,28,57,34,132,66,122,138,112,"Very Asian",7097,7345,7646,8987,9377,3276,3361,3499,4167,4367,7646,1341,8987,390,6025.9,1056.9,7082.8,307.3,4295,462,4757,170,58793,15162,73955,9040,3499,668,4167,200
"53033000300","53033000300","53033000300, King, Washington","00","53","033","000300",,,,,6515,3045,1290,2.35,3045,2275,760,765,587,178,42,136,242,345,24,18,64,72,1290,525,2,261,0,262,3045,3045,0,3045,1503,1542,3045,1771,238,567,30,134,305,3045,259,1678,1290,875,93,205,8,38,71,1290,65,843,39.3,3045,214,167,159,223,568,448,412,432,283,115,24,3045,461,685,685,589,26,70,10,114,648,608,40,0,110,198,3045,2476,343,226,3045,10,4,6,3045,1221,1011,210,312,312,0,0,0,0,0,11,0,58,0,74,556,24,84,49.5,1290,49,238,247,245,278,146,69,18,2.6,1290,330,500,202,150,57,30,21,1361,1290,71,35,0,15,0,2,0,19,1361,819,471,1361,993,104,25,27,44,45,11,0,0,1196,1361,15,9,33,132,59,0,819,602,217,2.2,1290,64,456,573,138,59,1965,1361,325,74,30,67,121,143,309,239,53,2003,1361,835,210,112,33,60,40,133908326,133145685,85668,103214,43976,318540,1290,43,147,261,232,186,574,442,8,102,143,36,54,87,12,132,27,14,50,0,0,31,10,2371,97,505,537,157,592,258,75,61,2557,967,709,0,0,27,20,282,552,1676,6,0,70,218,9,183,112,10,7,79,7,200,0,91,169,200,23,98,83,111,278,405,315,312,0,155,211,998,366,1028,39,188,133,120,35,105,28,38.7,39.9,113,83,76,126,273,220,209,207,133,52,11,101,84,83,97,295,228,203,225,150,63,13,89383341,96613,70296,116841,83357,39289,57582,322764,9,123,76,154,91,43762344,306450,34,24,185,78,95,0,344,173,149,56,23,20,3.22,330,156,29,1,1,7,1,1.79,10,132,171,157,161,89,45,49.4,39,106,76,88,117,57,42,49.7,43.4,32.7,40.5,55,30.4,24.3,29,44,245,148,1290,459,0,593,200,0,28,0,0,10,430973,0,0,0,0,0,0,0,0,0,0,0,430756,217,16.98,4.47,18.35,4.88,94,92,99,89,70,60,49,144,137,53,114,99,96,88,100,124,119,96,0.2,60,46,52.8,4611,167,43,7,71,150,2,38,7,146,121,2010,262.6,130.8,133.7,265,407.8,302.5,395.9,95.1,217.3,340,0,0,0,12,7,14,59,14,0,0,0,0,0,184,0,0,0,3,47,44,0,0,0,0.663274047427953,0.218754030605537,0.845574948205363,1.35662394540095,1.07651691852478,0,0,0,0,0,8.75220491573571,0,0,0,0.0765900674152369,3.05726851706188,2.0555286828877,0,0,0,4,1,5,11,1,0,0,0,0,0,12,0,0,0,2,8,403.81,15.25,22.58,4.08,1.53,0.59,1.16,3.27,3.81,9.25,5.53,1.5,6.9,6.22,20.62,36.01,104.97,0.2,15.24,6.3,44.41,81.55,92059.1,11837.5,29817.1,3027.3,14309.1,6700.9,4574,1113,140.1,2537.2,416.9,2655.7,12385.7,11837.5,6486.5,5365.9,822.4,622.6,1330.3,589.3,86,557,861.8,29817.1,2308.8,257.1,2898.5,147.6,743.3,38.4,430.2,59.7,1365.7,3027.3,714.2,130.7,583.9,1206.4,194.1,1015.3,116.2,615.7,371.2,0,0,0,0,0,0,0,0,0,0,0,0,0,0,0,166,116,110,41,147,49,159,171,108,85,93,156,86,95,139,98,55,118,89,179,157,55,150,187,44,116,92,187,140,66,118,157,123,135,120,118,134,112,"Subway or Bus to Work",2466,2486,2603,3045,3181,1051,1068,1090,1290,1353,2603,442,3045,136,5569.3,945.7,6515,291,1589,196,1785,74,68460,17208,85668,8990,1090,200,1290,63
"53033000401","53033000401","53033000401, King, Washington","00","53","033","000401",,,,,13009.6,6439,3693,1.7,6439,3411,2884,1279,865,414,121,293,316,549,64,57,152,141,3693,2414,8,1020,4,1382,6439,6439,0,6439,2996,3443,6439,3587,884,1108,73,255,532,6439,506,3471,3693,2307,442,600,33,96,215,3693,191,2232,41.9,6439,316,231,221,692,1255,732,595,824,811,508,254,6439,1179,961,961,904,47,10,69,439,944,853,41,50,495,666,6439,4948,728,763,6439,144,97,47,6439,1801,1599,202,373,373,0,0,0,0,0,0,38,168,21,258,790,198,24,53.3,3693,273,743,471,431,586,633,371,185,2,3693,1936,1119,309,228,54,33,14,4272,3693,579,407,6,103,9,29,0,25,4272,1008,2685,4272,764,153,23,47,69,175,1876,0,0,844,4272,462,272,316,776,609,0,1008,715,293,1.6,3693,972,1559,904,236,22,1987,4272,1003,652,397,490,602,503,253,247,125,2003,4272,2924,562,100,64,20,23,232661736,225086187,41957,60949,36133,278705,3693,390,510,483,411,183,1393,1081,0,18,253,101,151,450,108,312,71,10,0,19,19,124,69,4896,401,839,1154,766,1246,398,62,113,5742,1323,1336,0,0,37,37,1230,1779,2659,0,0,61,229,10,303,109,15,19,114,145,222,0,133,299,548,65,269,91,27,459,696,583,586,0,49,286,1738,335,1734,177,270,199,117,0,162,0,39.4,44.4,172,124,106,326,606,370,306,372,364,176,74,144,107,115,366,649,362,289,452,447,332,180,135716767,88100,31189,106112,37021,39788,30988,307173,83,89,145,228,99,89369420,0,307,421,338,183,84,0,712,264,206,51,32,14,2.9,1936,407,45,22,3,1,0,1.62,64,235,275,228,208,149,120,47.9,209,508,196,203,378,484,436,57.4,53.1,33.8,37,41.7,29.4,25.7,30.3,54.3,1540,449,3693,524,29,3043,73,0,0,0,24,0,25098,0,0,0,0,0,0,0,0,0,0,25098,0,0,16,4.3,17.84,4.82,94,92,76,94,70,178,191,119,100,168,190,156,160,183,163,189,188,185,0.2,60,46,52.8,4611,167,43,7,71,150,2,38,7,146,121,5177,262.6,130.8,133.7,265,407.8,302.5,395.9,95.1,217.3,729,0,0,0,0,18,29,104,2,2,0,0,0,0,32,2,526,0,0,14,41,0,0,0,0,0.26235051289553,0.816908582138436,1.11530126501075,0.07172560303712,0.0974225839981332,0,0,0,0,0.709906285286609,0.10262876791112,4.50656949280535,0,0,0.424732164177526,0.893318052109194,0,0,0,0,3,3,15,1,1,0,0,0,0,2,1,10,0,0,5,638.09,30.08,15.33,0.18,1.2,77.35,0.19,6.67,3.56,28.24,52.58,1.59,6.78,6.68,210.83,80.83,56.64,0.85,0.83,10.88,22.24,19.98,205974.3,27578.5,70326.7,6785.4,31757.1,15883.8,9958.1,2550.8,350.8,5321,1124.7,5625.4,23250.2,27578.5,15617.5,11918.5,1973.4,1476.9,3180.4,1471.4,179,1101.1,1771.4,70326.7,4913.2,471,6263.2,345.8,1617.3,76.9,899.2,138.4,2937.2,6785.4,1567.8,272.6,1282,2652,389.3,2251.3,282.4,1458.7,831,0,0,0,0,0,0,0,0,0,0,0,0,0,0,0,139,196,31,87,41,38,153,187,192,85,26,70,41,121,29,191,176,111,92,196,198,174,129,177,44,171,29,185,63,66,103,157,89,39,97,59,174,112,"Recent Movers",3822,4734,5551,6439,6716,2293,2669,3134,3693,3871,5551,888,6439,277,11215.4,1794.2,13009.6,559.6,2318,233,2551,92,33342,8615,41957,3870,3134,559,3693,178
"53033000500","53033000500","53033000500, King, Washington","00","53","033","000500",,,,,3298.9,3672,1515,2.41,3672,3085,559,1107,976,131,37,94,367,609,19,18,32,62,1515,408,1,150,4,253,3672,3672,0,3672,1775,1897,3672,3033,63,352,12,25,187,3672,77,2989,1515,1346,15,113,3,6,32,1515,26,1327,52.6,3672,183,234,246,154,229,384,531,827,478,243,163,3672,270,1056,1056,1040,0,16,64,104,1053,1041,0,12,104,213,3672,3117,495,60,3672,28,0,28,3672,1276,1140,136,194,194,0,0,0,0,0,0,14,11,39,113,662,108,14,59,1515,2,71,193,316,438,262,130,103,2.7,1515,285,652,252,248,56,12,10,1573,1515,58,6,0,11,2,9,0,30,1573,1396,119,1573,1500,15,0,0,0,0,0,0,0,1560,1573,3,2,3,3,33,4,1396,892,504,2.6,1515,0,420,601,369,125,1958,1573,370,2,39,49,78,160,608,193,74,2004,1573,816,244,208,112,87,48,335543477,334643743,143000,220887,91379,447967,1515,19,41,129,155,139,829,526,48,17,115,126,106,83,31,303,29,13,40,91,81,14,35,2758,81,229,375,194,1145,520,226,85,3088,875,772,0,0,24,22,604,791,1647,0,10,53,165,44,130,57,8,41,69,47,285,0,75,177,274,29,51,47,85,531,596,239,154,0,49,78,1366,127,916,86,167,154,125,35,164,0,51.9,53.3,93,123,136,70,115,176,251,396,243,99,73,90,111,110,84,114,208,280,431,235,144,90,297917694,187829,73897,269122,90015,96570,65700,451579,15,12,61,90,88,36726049,378809,4,29,68,65,51,0,549,245,239,53,11,10,3.02,285,103,7,9,3,1,0,1.72,1,43,163,269,323,176,132,57.4,1,28,30,47,115,86,101,63.5,54.6,55.5,50.3,45,30,17.3,50,54.7,285,192,1515,1026,25,207,246,0,0,0,11,0,1533,1533,0,0,0,0,0,0,0,0,0,0,0,0,16.02,4.41,17.53,4.88,94,92,76,97,70,192,43,145,194,174,32,71,90,115,44,95,82,55,0.2,60,46,52.8,4611,167,43,7,71,150,2,38,7,146,129,2605,262.6,130.8,133.7,265,407.8,302.5,395.9,95.1,217.3,126,0,0,0,0,0,5,2,0,2,8,40,0,0,0,0,69,0,0,0,26,0,0,0,0,0,0.814896492034647,0.124092585804768,0,0.563659235989199,1.21977134412024,17.3571101899641,0,0,0,0,3.42031734047924,0,0,0,3.27757459536927,0,0,0,0,0,3,1,0,1,5,7,0,0,0,0,9,0,0,0,117.29,9.3,5.15,0.02,0.04,2.73,0.21,17.87,0.41,6.39,6.66,0.73,1.46,3.66,17.67,11.57,20.11,0.01,0.46,8.91,0.46,2.09,135496.1,16174,41958.2,4323.6,20374.1,9598.4,7208.1,1614.5,213.2,4261.8,498.4,4926.3,20608.1,16174,8590.7,7665.3,1087.5,864.1,1724.9,787.5,140.6,941.7,1515.6,41958.2,3725.1,624.9,4466.9,222.3,1103.7,65.3,687.6,81.5,2120.8,4323.6,1030.5,159.3,877.1,1773.4,261.5,1522.6,128.7,774,619,0,0,0,0,0,0,0,0,0,0,0,0,0,0,0,186,20,33,27,22,61,191,134,61,85,30,155,169,190,190,5,140,196,94,175,95,171,21,175,44,55,42,178,198,66,178,157,181,153,172,94,155,112,"Old and Rich Households",3097,3265,3165,3672,3834,1272,1331,1289,1515,1589,3165,507,3672,162,2843.4,455.5,3298.9,145.5,1727,244,1971,88,112679,30321,143000,13000,1289,226,1515,74
"53033010900","53033010900","53033010900, King, Washington","00","53","033","010900",,,,,810,1498,734,1.89,1498,694,696,240,166,74,25,49,62,104,12,13,34,15,734,494,0,354,1,139,1498,1498,0,1498,886,612,1498,928,141,192,28,124,85,1498,197,868,734,559,54,62,5,31,23,734,64,527,37.9,1498,80,53,49,98,377,312,189,203,89,35,13,1498,385,308,308,241,19,48,0,111,248,212,21,15,0,66,1498,1075,140,283,1498,108,0,108,1498,431,365,66,223,223,0,0,0,0,0,0,35,153,0,24,235,62,60,42.4,734,15,220,178,114,125,53,18,11,2.2,734,311,235,112,48,9,11,8,790,734,56,24,1,2,1,2,0,26,790,251,483,790,425,59,67,21,34,85,14,0,0,667,790,0,124,176,99,5,0,251,195,56,1.8,734,111,323,209,45,46,1942,790,188,58,20,0,30,6,59,49,380,2003,790,538,130,28,25,13,0,49229336,47881084,56175,65233,32863,244970,734,98,139,166,96,92,275,212,0,9,30,45,17,111,0,63,0,0,0,0,0,61,2,1188,201,179,488,37,243,50,0,20,1330,545,321,0,0,15,9,205,235,866,0,0,130,54,17,84,93,22,28,0,0,93,0,61,19,97,9,116,31,12,61,141,119,267,0,130,148,321,278,624,20,75,67,0,16,64,0,39.6,35.5,38,28,22,47,223,184,118,143,56,23,4,42,25,27,51,154,128,71,60,33,12,9,23870725,94792,43843,99461,48604,34396,34498,289366,6,5,77,24,61,24010359,0,92,134,89,72,31,0,104,75,35,7,11,8,3.21,311,131,37,13,2,0,0,1.79,1,62,77,36,49,11,4,42.4,14,158,101,78,76,42,25,42.4,38.3,43.4,41.4,42.5,35,29.3,34.7,38.4,253,75,734,271,6,445,12,0,0,0,0,0,117984,61329,0,0,55393,0,0,0,0,0,0,1262,0,0,16.39,4.07,18.58,4.77,94,92,76,93,188,60,119,61,56,41,122,106,127,127,92,139,105,126,0.2,60,46,52.8,4611,167,43,7,71,150,2,38,7,146,121,4897,262.6,130.8,133.7,265,407.8,302.5,395.9,95.1,217.3,4211,0,0,0,0,92,165,284,3180,32,0,83,0,0,253,0,37,0,0,85,122,0,0,0,0,0.23213441250267,0.804640136281183,0.527253513469225,19.7430215474605,0.269849684102167,0,1.07765767256379,0,0,0.971658940419484,0,0.0548787662447703,0,0,0.44642481516539,0.460176430594016,0,0,0,0,11,9,26,18,2,0,24,0,0,15,0,2,0,0,15,2724.72,87.02,53.61,15.79,0.19,1.87,0.68,0.73,20.42,21.48,3.62,5.43,6.29,9.79,10.26,245.9,386.35,0.36,14.53,161.51,77.66,1589.46,43207.5,5734.5,14515.6,1371.7,6854.1,3303.2,2173.1,533.7,72.1,962,257.9,1159.8,4999.9,5734.5,3227.9,2496.4,407.1,316.3,638.5,311.4,38.2,233.6,392.9,14515.6,1023.9,89.8,1363,73.4,352.3,16.7,196.4,29.7,642.1,1371.7,314.5,61,250.9,544.3,85.3,459,62.8,297.2,156.4,0,0,0,0,0,0,0,0,0,0,0,0,0,0,0,86,141,43,158,195,29,146,188,20,85,73,14,91,82,66,173,69,30,192,189,190,35,197,191,44,147,98,191,63,66,84,57,42,39,45,153,97,112,"Service Employment",1030,1181,1287,1498,1559,511,585,619,734,769,1287,211,1498,61,695.9,114.1,810,33,678,68,746,19,41724,14451,56175,4381,619,115,734,35
"53033011700","53033011700","53033011700, King, Washington","00","53","033","011700",,,,,4686.4,6344,1904,3.3,6344,5650,633,1468,936,532,172,360,450,486,106,66,197,163,1904,436,4,226,4,202,6344,6344,0,6344,3172,3172,6344,664,1721,3356,37,133,433,6344,440,501,1904,291,582,885,10,35,101,1904,112,247,40.3,6344,421,463,466,510,874,824,802,870,614,345,155,6344,1063,1312,1312,1111,31,170,79,125,1295,1143,42,110,269,184,6344,2552,2678,1114,6344,61,0,61,6344,2209,1829,380,526,492,0,25,9,0,0,0,4,54,59,76,1208,136,94,54,1904,38,238,347,364,430,282,144,61,3.6,1904,292,448,369,326,194,128,147,1993,1904,89,21,1,11,6,4,0,46,1993,1269,635,1993,1774,0,27,93,0,10,0,0,0,981,1993,30,42,71,157,114,58,1269,904,365,2.6,1904,81,448,721,365,289,1975,1993,431,129,211,169,132,272,269,128,252,2003,1993,1178,312,189,87,89,49,171917634,168843555,68277,88678,27099,486455,1904,116,277,357,305,222,1889,1800,96,82,422,347,410,400,43,89,25,13,0,0,20,14,17,4254,1350,986,560,450,840,192,75,31,5145,1580,1348,0,0,44,38,968,1167,2928,0,0,161,386,66,246,277,6,37,60,137,118,0,150,120,692,74,164,210,24,112,352,473,1024,13,215,739,937,954,2035,103,288,105,91,88,218,0,38.4,42.1,227,241,254,287,441,396,411,397,305,154,59,194,222,212,223,433,428,391,473,309,191,96,145666316,74274,44958,99228,53349,25782,36746,489537,102,158,310,199,217,23260299,434000,14,119,47,106,5,0,347,345,313,190,127,146,4.13,292,101,24,13,4,1,1,1.75,20,158,292,314,343,207,134,53.4,18,80,55,50,87,75,71,56.7,43.3,37.7,43.6,31.7,32.3,23.5,30.9,49.8,1230,175,1904,931,28,683,193,0,57,0,0,12,37603,1629,0,0,532,11461,0,19883,2567,1531,0,0,0,0,14.55,4.43,16.17,4.88,94,92,76,101,70,147,72,91,73,135,78,156,147,78,42,89,113,83,0.2,60,46,52.8,4611,167,43,7,71,150,2,38,7,146,126,4448,262.6,130.8,133.7,265,407.8,302.5,395.9,95.1,217.3,640,0,0,0,154,0,32,96,0,0,0,31,129,0,2,3,151,2,0,40,112,0,0,0,4.52200900043328,0,1.02676957996365,1.17267493585506,0,0,0,2.64831532820311,2.81877060358911,0,0.0505392267552674,0.175350871423141,1.4736177019918,0.162466192854194,0,1.38227565930989,2.77963537799586,0,0,0,28,0,2,16,0,0,0,8,20,0,1,2,23,1,0,11,665.25,45.17,33.73,43.28,6.22,16.3,10.61,9.72,14.46,14.07,30.25,1.91,25.62,11.88,51.79,93.71,83.8,0.83,115.72,17.03,11.92,17.19,124452,16586.4,42341.1,4716.1,18710.2,8313,4935.6,1507.5,152,4206.2,418.6,2990.5,16587.2,16586.4,9204.5,7394.8,1167.7,742.2,2094.1,749.1,103.3,683.2,837,42341.1,3103.4,294,3327.8,161.2,907,40.4,497.5,78.4,1517.5,4716.1,1121.4,228.7,906.2,1816.2,309.5,1515.7,169,999.5,601.5,0,0,0,0,0,0,0,0,0,0,0,0,0,0,0,106,39,94,188,179,3,152,106,29,85,185,113,143,105,100,66,106,73,118,119,35,130,193,184,44,86,48,199,192,66,184,57,186,163,24,57,74,112,"Very Asian",3897,5112,5538,6344,6625,1351,1564,1639,1904,1997,5538,806,6344,281,4091,595.4,4686.4,207.6,2183,210,2393,110,51114,17163,68277,13123,1639,265,1904,93
"53033011900","53033011900","53033011900, King, Washington","00","53","033","011900",,,,,6691.8,8205,2837,2.87,8205,6986,1166,2031,1363,668,199,469,582,781,107,92,251,218,2837,806,6,403,1,396,8205,8205,0,8205,4141,4064,8205,1735,2376,3052,47,195,800,8205,542,1605,2837,861,854,861,12,56,193,2837,139,819,41.4,8205,505,530,622,648,1046,1168,1076,1215,829,375,191,8205,1401,1407,1407,1319,57,31,138,494,1410,1220,86,104,279,615,8205,5956,1616,633,8205,53,0,53,8205,3054,2306,748,369,327,0,28,14,0,0,24,0,0,39,243,1240,358,110,53.7,2837,36,310,571,577,644,403,189,107,3,2837,532,886,532,401,209,127,150,2983,2837,146,23,2,22,17,10,0,72,2983,2115,722,2983,2627,38,0,63,14,0,0,0,31,1057,2983,0,59,108,166,95,13,2115,1614,501,2.3,2837,122,1040,850,687,138,1964,2983,652,53,368,73,198,308,755,233,343,2003,2983,1703,440,323,248,77,46,262383848,259425590,81875,91444,31979,300241,2837,120,353,530,479,318,2117,1947,66,52,407,524,286,524,88,170,34,39,21,0,40,36,0,5847,710,1311,1331,451,1695,318,84,0,6754,1691,2038,12,0,46,57,1533,1377,3729,56,0,142,312,52,393,249,97,128,183,57,276,13,84,225,674,150,198,245,195,597,881,806,625,0,226,594,2284,820,2199,32,422,395,311,45,313,12,39.8,43.1,261,289,341,350,550,584,514,582,399,176,95,244,241,281,298,496,584,562,633,430,199,96,195637080,83234,78671,96325,81107,28004,56065,318475,78,240,421,336,169,65372222,302118,42,113,109,143,149,0,679,493,386,206,123,144,3.68,532,207,39,15,3,4,6,1.76,21,219,455,438,456,270,172,52.3,15,91,116,139,188,133,124,57.2,46.9,42.1,42.7,28.3,34.5,22.6,29.5,48.7,1086,299,2837,1354,125,1000,328,0,30,0,0,0,7286,0,0,0,0,0,0,0,0,0,0,0,0,7286,15.43,4.44,16.99,4.86,94,92,132,93,156,133,53,163,72,128,63,65,45,65,83,127,79,69,0.2,60,46,52.8,4611,167,43,7,71,150,2,38,7,146,132,5584,262.6,130.8,133.7,265,407.8,302.5,395.9,95.1,217.3,275,0,0,0,0,69,9,0,30,2,3,0,0,0,9,14,12,0,103,24,33,0,0,0,0,2.66595821195112,0.672067361430756,0,2.85207079713057,0.258258413580506,0.209578894580659,0,0,0,0.529283538382437,1.90441673691071,0.272543863968622,0,3.25113231622012,1.93015946609091,1.90603568776859,0,0,0,0,1,2,0,1,1,2,0,0,0,2,1,4,0,8,11,349.78,13.06,5.43,3.62,1.25,3.47,0.05,79.04,1.46,6.52,4.76,1.7,95.39,5.79,7.58,12.13,26.67,0,1.04,9.5,37.21,31.09,189270.4,24608.5,63230.3,6722,29213.9,13246.8,8207.6,2346.6,252,5705.4,746.8,4894.6,25240.8,24608.5,13597.9,11041.5,1723.9,1172.2,2935.4,1177.3,160.5,1046.9,1423.1,63230.3,4663.3,423.9,5466.4,273,1486.5,68,818.7,120.7,2489.1,6722,1571.2,317.5,1261.5,2635,435,2205,240.7,1419.7,831.1,0,0,0,0,0,0,0,0,0,0,0,0,0,0,0,79,33,74,118,116,30,148,96,53,127,167,92,126,116,132,75,113,77,120,145,70,119,94,172,44,152,49,195,140,66,114,57,107,134,129,105,151,112,"Very Asian",5480,7255,7108,8205,8569,1943,2510,2425,2837,2975,7108,1097,8205,364,5797.1,894.7,6691.8,296.8,3720,460,4180,203,64143,17732,81875,9861,2425,412,2837,138
"53033012100","53033012100","53033012100, King, Washington","00","53","033","012100",,,,,4664.5,3100,1363,2.27,3100,2572,519,949,820,129,38,91,275,545,26,12,41,50,1363,414,0,168,1,245,3100,3100,0,3100,1484,1616,3100,2483,44,238,20,55,260,3100,156,2428,1363,1179,20,81,9,20,54,1363,43,1157,50.6,3100,173,151,203,141,224,385,486,614,432,188,103,3100,269,878,878,847,14,17,51,72,768,735,9,24,138,157,3100,2629,369,102,3100,9,6,3,3100,1238,1099,139,77,77,0,0,0,0,0,44,0,0,22,174,431,84,25,57.8,1363,8,74,199,305,346,247,124,60,2.6,1363,304,600,230,165,45,12,7,1434,1363,71,7,0,13,3,17,0,31,1434,1157,206,1434,1178,14,17,0,12,69,33,11,0,1541,1434,0,0,0,9,15,48,1157,765,392,2.4,1363,14,348,727,210,64,1963,1434,326,37,52,44,131,201,259,275,109,2004,1434,771,215,109,120,114,34,215348155,214362095,126833,157272,69467,311416,1363,51,107,174,156,148,481,222,24,10,52,57,59,8,12,259,103,28,48,47,11,8,14,2537,46,302,500,198,780,409,136,61,2640,783,772,0,0,22,22,397,644,1555,0,0,47,153,43,126,41,10,31,49,48,311,17,42,158,322,35,34,61,27,463,599,236,123,9,24,101,1298,125,808,169,295,65,64,51,103,0,50.2,51,89,76,89,81,102,180,239,281,211,91,45,84,75,114,60,122,205,247,333,221,97,58,165525706,147800,76157,174421,117962,64357,94097,292445,24,30,92,48,148,48836389,440340,27,77,82,108,0,0,495,225,165,45,12,7,2.96,304,105,5,0,0,0,0,1.68,4,52,151,233,259,148,102,56.3,4,22,48,72,87,99,82,62,53.4,48.6,45.6,63,46.3,22.1,38.7,53.8,64,138,1363,887,19,291,166,0,0,0,0,0,1580,1580,0,0,0,0,0,0,0,0,0,0,0,0,15.63,4.61,17.1,4.99,94,120,76,89,70,194,49,171,189,165,20,39,50,97,47,87,69,26,0.2,60,46,52.8,4611,167,43,7,71,150,2,38,7,146,132,2094,262.6,130.8,133.7,265,407.8,302.5,395.9,95.1,217.3,88,0,0,0,0,0,2,2,0,0,0,0,22,0,0,0,0,60,2,0,19,0,0,0,0,0,0.466713445438025,0.1776780205841,0,0,0,0,3.49614958584696,0,0,0,0,35.447169350006,0.19727744637258,0,3.42942027155334,0,0,0,0,0,1,1,0,0,0,0,10,0,0,0,0,6,1,0,83.63,3.96,9.06,0.02,0,0.03,1.15,0.63,2.74,0.28,0.18,2.13,9.8,6.38,21.81,6.38,13.13,0.08,0.09,3.14,0.19,1.61,116675.5,14105.5,36308.2,3682.3,17773.4,8452.5,6231.2,1401.2,186.4,3416.5,460.7,4100.1,17226.9,14105.5,7538.1,6627.2,954.8,760.8,1503,697.4,119.2,790.8,1278.9,36308.2,3121.2,484,3869.2,194.6,962,55.7,590.4,71.9,1833.9,3682.3,872.3,138.8,734.9,1512,223.6,1294.7,113.1,678.7,502,0,0,0,0,0,0,0,0,0,0,0,0,0,0,0,180,27,52,17,27,61,184,139,92,85,27,141,118,185,183,25,103,192,114,178,132,161,19,155,107,62,71,156,188,66,87,193,117,164,115,105,190,112,"Old and Rich Households",2583,2549,2681,3100,3243,1094,1104,1164,1363,1431,2681,419,3100,143,4034,630.5,4664.5,215.2,1506,200,1706,72,101752,25081,126833,8536,1164,199,1363,68
"53033026400","53033026400","53033026400, King, Washington","00","53","033","026400",,,,,3631.9,6703,2680,2.49,6703,5188,1496,1574,1031,543,189,354,481,550,113,76,223,131,2680,1106,6,668,9,423,6703,6703,0,6703,3516,3187,6703,2496,1229,1124,125,1134,595,6703,1841,2024,2680,1269,540,352,48,301,170,2680,454,1141,33.9,6703,612,523,427,604,1328,945,741,725,505,184,109,6703,1511,949,949,783,46,120,48,322,897,764,29,104,177,409,6703,4938,732,1033,6703,19,14,5,6703,2720,2249,471,301,301,0,0,0,0,0,0,0,24,0,9,919,218,131,47.2,2680,130,594,508,488,447,313,121,79,2.7,2680,785,835,398,323,153,101,85,2885,2680,205,118,5,18,7,17,0,40,2885,1045,1635,2885,795,226,32,196,286,557,251,36,0,896,2885,0,52,408,613,360,0,1045,694,351,1.8,2680,336,1260,717,267,100,1975,2885,648,113,52,378,642,358,394,160,140,2003,2885,1950,393,131,104,64,38,171352634,170387168,59330,63577,25564,250234,2680,187,388,702,509,106,1509,1365,93,155,409,207,304,197,0,144,0,0,0,27,32,85,0,4902,666,1236,1244,673,586,116,16,0,5283,1586,1468,0,0,43,40,1083,1063,3054,16,0,294,464,137,253,257,0,17,97,86,107,0,220,118,323,108,187,218,152,307,269,611,753,16,257,841,1187,1098,2037,88,238,297,47,20,327,0,34.3,33.4,312,265,223,295,710,527,405,389,258,82,50,300,258,204,309,618,418,336,336,247,102,59,108970784,58981,59549,69232,55530,21004,41054,439094,52,284,270,305,71,61416384,0,135,104,432,204,35,0,588,351,302,151,100,82,3.57,785,247,47,21,2,1,3,1.7,62,356,356,290,245,167,98,45.4,68,238,152,198,202,146,102,49.8,44.3,31.9,35.2,40,27.5,22.1,26.5,51.2,2183,331,2680,665,0,1849,143,0,0,0,23,0,397370,260068,25165,2345,2630,20872,18439,65882,1639,330,0,0,0,0,16.68,4.42,18.17,4.81,94,92,76,148,70,126,110,72,22,84,99,65,48,78,78,121,98,117,0.2,60,46,52.8,4611,167,43,7,71,150,2,38,7,146,126,11630,262.6,130.8,133.7,265,407.8,302.5,395.9,95.1,217.3,7546,2,0,0,2676,486,444,660,67,163,794,449,22,0,32,50,1668,2,0,31,430,0.192893927419735,0,0,6.66438355101874,0.684315550665613,1.20828437186287,0.683775472801783,0.232129182954019,0.767057605933353,2.02144852158701,3.25325056946405,0.0407714237416555,0,0.0685822531107789,0.247867651097292,1.38059756164863,0.0137792689407215,0,0.0908572392019226,0.905110152995511,1,0,0,121,22,28,68,10,15,23,52,10,0,2,9,63,1,0,5,7538.45,450.86,356.7,79.5,21.97,107.07,18.72,187.51,33.11,580.58,294.8,16.41,70.56,78.22,174.75,722.61,1221.78,6.64,1670.43,652.79,286.58,369.28,153587.7,20546,52134.8,5039.9,24492.1,11752.6,7307.5,1930.7,245.4,3639.8,853.2,4016.6,17643.5,20546,11642.2,8874.5,1483.2,1097.7,2345.9,1100.8,130.4,801.9,1273.9,52134.8,3690.8,288.2,4717.4,250.9,1246.8,55.5,693.8,104.8,2192.2,5039.9,1157.5,255.9,911.9,1963.5,329.8,1641.2,229.8,1113.4,579.4,0,0,0,0,0,0,0,0,0,0,0,0,0,0,0,41,148,167,131,187,32,129,145,53,85,155,93,69,47,74,155,91,61,95,171,168,71,164,172,115,149,40,180,63,66,176,57,62,39,71,157,16,112,"Blue Collar Employment",5123,5851,5745,6703,6999,2224,2356,2268,2680,2809,5745,958,6703,296,3112.9,519,3631.9,160.4,2645,331,2976,145,45380,13950,59330,5194,2268,412,2680,129
"53033026500","53033026500","53033026500, King, Washington","00","53","033","026500",,,,,5248,4040,1492,2.66,4040,3382,594,1045,618,427,106,321,280,338,45,61,157,164,1492,447,3,221,1,222,4040,4040,0,4040,1978,2062,4040,1261,574,1385,63,396,361,4040,687,1089,1492,592,187,499,25,104,85,1492,163,546,38.9,4040,287,292,335,351,550,528,485,595,394,168,55,4040,618,751,751,698,34,19,35,200,898,764,65,69,105,135,4040,2336,1024,680,4040,64,0,64,4040,1273,1035,238,566,566,0,0,0,0,0,0,0,22,47,29,715,177,0,53.9,1492,24,215,258,280,368,221,96,30,2.8,1492,325,514,251,181,101,65,55,1580,1492,88,51,1,10,1,3,0,22,1580,595,897,1580,840,118,170,107,99,36,87,8,0,644,1580,157,177,198,228,30,0,595,456,139,2.2,1492,200,436,606,186,64,1979,1580,445,255,29,55,144,75,250,133,194,2003,1580,1093,219,91,57,3,29,97463836,95535252,51849,64032,24125,244864,1492,176,133,284,172,90,947,863,73,114,144,108,221,189,14,84,10,4,20,25,21,0,4,2958,639,1051,439,271,226,109,40,0,3238,1080,857,0,0,30,24,573,674,1937,20,0,65,188,145,180,105,0,10,13,0,4,0,296,58,423,20,282,93,35,157,102,185,936,0,98,459,444,557,1325,10,183,80,138,5,196,0,37.7,40.3,147,140,172,184,272,279,247,261,164,86,26,140,152,163,167,278,249,238,334,230,82,29,66765662,49262,55400,63891,64361,19741,48434,377883,134,121,160,128,66,28769590,216860,42,12,124,44,24,0,414,240,174,98,64,55,3.45,325,100,11,7,3,1,0,1.69,13,143,208,203,257,140,81,52.8,11,72,50,77,111,81,45,56.3,45.5,29.5,46.1,36.3,28.6,23.3,27.4,49.1,985,200,1492,156,0,1207,94,0,35,0,0,0,6357,0,0,0,0,0,0,0,1615,1227,0,3515,0,0,16.8,4.48,18.6,4.96,94,92,76,97,70,60,138,113,66,88,131,127,64,122,66,119,140,136,0.2,60,46,52.8,4611,167,43,7,71,150,2,38,7,146,118,2695,262.6,130.8,133.7,265,407.8,302.5,395.9,95.1,217.3,344,0,0,0,0,28,19,30,0,16,0,63,63,0,0,0,114,7,0,4,41,0,0,0,0,0.864841516347473,1.13422221042497,0.681787753404103,0,1.65165264499161,0,10.0131352244139,2.5611328361437,0,0,0,2.06982803668031,1.05791939532964,0,0.257167564522771,1.89310715112675,0,0,0,0,3,6,4,0,2,0,4,14,0,0,0,5,1,0,2,321.64,22.18,14.1,3.09,1.19,16.46,0.26,0.3,12.12,41.26,10.33,0.79,2.26,1.57,3.06,48.62,47.47,0.27,1.86,14.2,19.89,21.63,91979.5,12518.9,31125.5,3226.2,14075,6774.2,4176.2,1101.7,137,2708.7,405.7,2356.6,11162.3,12518.9,7075,5434.6,902,631.1,1526.9,615.6,81.2,508.5,730.6,31125.5,2265.8,217.1,2675.3,138.7,697,33.1,390.5,60.4,1258.1,3226.2,755.6,153.9,609.1,1251,214.1,1038.6,130.1,695.4,392.9,0,0,0,0,0,0,0,0,0,0,0,0,0,0,0,71,123,113,171,168,12,125,63,47,85,162,108,79,91,54,154,81,30,125,182,154,83,200,191,96,110,55,197,63,66,156,57,40,108,42,153,46,112,"Service Employment",3744,4145,3459,4040,4221,1259,1407,1258,1492,1566,3459,581,4040,181,4493.3,754.7,5248,235.2,1292,128,1420,60,42919,8930,51849,6110,1258,234,1492,74
"53033026600","53033026600","53033026600, King, Washington","00","53","033","026600",,,,,6035.3,2704,993,2.72,2704,2127,577,632,441,191,60,131,217,224,36,24,81,50,993,361,4,199,3,155,2704,2704,0,2704,1369,1335,2704,1121,242,770,24,294,253,2704,540,973,993,541,74,229,11,70,68,993,136,499,37,2704,188,187,220,216,457,428,354,357,205,51,41,2704,405,557,557,490,0,67,34,123,523,462,53,8,45,92,2704,1569,473,662,2704,0,0,0,2704,946,833,113,145,145,0,0,0,0,0,0,11,79,6,7,508,65,13,49.1,993,18,189,205,207,201,114,35,24,2.8,993,208,340,145,138,82,43,37,1059,993,66,16,0,10,3,0,0,37,1059,650,343,1059,847,0,30,17,13,50,0,36,0,1117,1059,0,18,33,42,130,35,650,505,145,2.4,993,58,319,317,225,74,1974,1059,241,99,53,83,100,43,139,106,195,2003,1059,616,158,71,61,68,19,82663102,82663102,74485,83246,30571,440287,993,82,117,193,233,132,696,551,6,15,133,112,155,120,10,145,12,6,29,33,27,32,6,1921,428,432,486,228,281,38,0,0,2182,669,525,0,0,19,15,404,550,1194,0,0,8,81,5,150,97,0,32,27,0,49,0,100,74,228,46,217,63,17,96,234,183,444,0,36,201,513,237,843,8,134,69,73,12,55,0,37.1,36.8,107,97,103,104,226,225,200,171,98,22,16,81,90,117,112,231,203,154,186,107,29,25,60093465,87190,64500,95085,62520,28253,39115,462167,68,49,44,121,132,22569637,0,14,68,149,112,0,0,226,131,126,76,40,33,3.69,208,114,14,12,6,3,4,1.87,8,111,145,147,133,56,32,48.5,10,78,60,60,68,58,27,50.4,42.9,30.3,39.2,37.5,29.1,22.2,30.5,44.3,508,120,993,349,10,507,98,0,25,0,0,4,0,0,0,0,0,0,0,0,0,0,0,0,0,0,17.26,4.36,18.78,4.73,94,92,76,102,70,152,83,91,67,71,123,94,68,65,104,100,90,121,0.2,60,46,52.8,4611,167,43,7,71,150,2,38,7,146,124,1935,262.6,130.8,133.7,265,407.8,302.5,395.9,95.1,217.3,334,0,0,0,0,2,2,0,0,14,7,0,0,0,0,0,309,0,0,0,9,0,0,0,0,0.0636239267800536,0.122966416762114,0,0,1.4884654076122,0.402634103860048,0,0,0,0,0,5.77829711595152,0,0,0,0.42800202569654,0,0,0,0,1,1,0,0,1,1,0,0,0,0,0,5,0,0,0,305.46,9.65,4.95,0.65,0.19,16.45,0.03,0.89,0.17,63.51,94.58,0.55,21.24,12.68,44.47,2.49,17.65,0,0.09,7.44,4.02,1.54,66265.2,8816.2,21843.6,2226.2,10374.5,4918,3198.6,794.4,101,1762.9,306.4,1755.2,8438.2,8816.2,4915.2,3900.4,626,459.3,1028.3,439.3,60.4,381.2,566.1,21843.6,1642.5,156.4,2021,104,520,25.7,302.1,43.7,949.8,2226.2,522.7,107.8,418.2,876.7,153.2,728.4,92.2,471.9,260.5,0,0,0,0,0,0,0,0,0,0,0,0,0,0,0,26,68,107,171,96,12,146,70,80,85,163,106,148,74,117,100,119,77,141,162,104,60,194,176,132,113,43,196,140,66,180,57,179,39,189,153,21,112,"Very Asian",2138,2144,2306,2704,2822,788,765,836,993,1040,2306,398,2704,118,5147,888.3,6035.3,263.4,885,74,959,39,55864,18621,74485,8587,836,157,993,47
